variable,count,mean,std,min,25%,50%,75%,max,original
dummy1,1000.0,-0.00039084450041068517,0.009336592806497611,-0.0283775743773233,-0.0066941655427719,-0.00056266872899605,0.006024983549504925,0.0318432223909113,-0.0165919670161613
dummy2,1000.0,0.00023718641842569255,0.011555586333341089,-0.0400179526549919,-0.007385317987372725,0.00038960842292285,0.00808623065403055,0.0399220594107647,0.0399220594107647
x1,1000.0,-0.10546978478710213,3.0041409297527886,-8.848004218522723,-2.1088349147201626,-0.1232289278251309,1.872628915212465,28.20817784986322,28.20817784986322
x2,1000.0,0.12389104752534988,7.7454443069322885,-20.22082712293916,-4.81020180157942,0.2847196476683229,5.0450491229451995,75.06015723627232,75.06015723627232
x3,1000.0,0.019303057842905588,1.90675291655244,-5.592756435561012,-1.1640117581545848,0.0015407919467431501,1.153811280133521,17.752689982718184,17.752689982718184
